id,Time (Sec),Temperature (deg),K PID,Heater State,SETTINGS:
1,0.0,32.62,15,10,Celsius:
2,1.0,32.62,15,10,PID:
3,2.0,32.62,15,10,Heater:
4,3.0,32.62,15,10,-
5,4.0,32.62,15,10,-
6,5.0,32.62,15,10,-
7,6.0,32.62,15,10,
8,7.0,32.50,15,10,
9,8.0,32.62,15,10,
10,9.0,32.62,15,10,
11,10.0,32.62,15,10,
12,11.0,32.62,15,10,
13,12.0,32.62,15,10,
14,13.0,32.62,15,10,
15,14.0,32.62,13,10,
16,15.0,32.62,14,10,
17,16.0,32.62,15,10,
18,17.0,32.62,15,10,
19,18.0,32.62,15,10,
20,19.0,32.62,15,10,
21,20.0,32.50,15,10,
22,21.0,32.50,15,10,
23,22.0,32.62,15,10,
24,23.0,32.50,15,10,
25,24.0,32.50,15,10,
26,25.0,32.50,15,10,
27,26.0,32.62,15,10,
28,27.0,32.62,15,10,
29,28.0,32.74,15,10,
30,29.0,32.74,15,10,
31,30.0,32.74,15,10,
32,31.0,32.74,13,10,
33,32.0,32.74,14,10,
34,33.0,32.62,15,10,
35,34.0,32.62,15,10,
36,35.0,32.62,15,10,
37,36.0,32.62,15,10,
38,37.0,32.62,15,10,
39,38.0,32.62,15,10,
40,39.0,32.62,15,10,
41,40.0,32.62,15,10,
42,41.0,32.74,15,10,
43,42.0,32.74,15,10,
44,43.0,32.74,15,10,
45,44.0,32.74,15,10,
46,45.0,32.74,15,10,
47,46.0,32.74,15,10,
48,47.0,32.86,15,10,
49,48.0,32.74,13,10,
50,49.0,32.74,14,10,
51,50.0,32.62,15,10,
52,51.0,32.62,15,10,
53,52.0,32.74,15,10,
54,53.0,32.74,15,10,
55,54.0,32.74,15,10,
56,55.0,32.74,15,10,
57,56.0,32.74,15,10,
58,57.0,32.74,15,10,
59,58.0,32.86,15,10,
60,59.0,32.74,15,10,
61,60.0,32.86,15,10,
62,61.0,32.74,15,10,
63,62.0,32.74,15,10,
64,63.0,32.74,15,10,
65,64.0,32.74,15,10,
66,65.0,32.74,13,10,
67,66.0,32.74,14,10,
68,67.0,32.74,15,10,
69,68.0,32.74,15,10,
70,69.0,32.74,15,10,
71,70.0,32.74,15,10,
72,71.0,32.86,15,10,
73,72.0,32.74,15,10,
74,73.0,32.86,15,10,
75,74.0,32.74,15,10,
76,75.0,32.74,15,10,
77,76.0,32.74,15,10,
78,77.0,32.74,15,10,
79,78.0,32.74,15,10,
80,79.0,32.74,15,10,
81,80.0,32.74,15,10,
82,81.0,32.74,15,10,
83,82.0,32.74,13,10,
84,83.0,32.74,14,10,
85,84.0,32.74,15,10,
86,85.0,32.74,15,10,
87,86.0,32.86,15,10,
88,87.0,32.86,15,10,
89,88.0,32.74,15,10,
90,89.0,32.74,15,10,
91,90.0,32.74,15,10,
92,91.0,32.74,15,10,
93,92.0,32.62,15,10,
94,93.0,32.62,15,10,
95,94.0,32.62,15,10,
96,95.0,32.74,15,10,
97,96.0,32.74,15,10,
98,97.0,32.74,15,10,
99,98.0,32.74,15,10,
100,99.0,32.74,13,10,
101,100.0,32.74,14,10,
102,101.0,32.86,15,10,
103,102.0,32.86,15,10,
104,103.0,32.86,15,10,
105,104.0,32.74,15,10,
106,105.0,32.74,15,10,
107,106.0,32.74,15,10,
108,107.0,32.74,15,10,
109,108.0,32.74,15,10,
110,109.0,32.74,15,10,
111,110.0,32.74,15,10,
112,111.0,32.74,15,10,
113,112.0,32.74,15,10,
114,113.0,32.86,15,10,
115,114.0,32.86,15,10,
116,115.0,32.86,15,10,
117,116.0,32.86,13,10,
118,117.0,32.86,14,10,
119,118.0,32.86,15,10,
120,119.0,32.86,15,10,
121,120.0,32.74,15,10,
122,121.0,32.74,15,10,
123,122.0,32.86,15,10,
124,123.0,32.86,15,10,
125,124.0,32.74,15,10,
126,125.0,32.74,15,10,
127,126.0,32.74,15,10,
128,127.0,32.86,15,10,
129,128.0,32.86,15,10,
130,129.0,32.74,15,10,
131,130.0,32.86,15,10,
132,131.0,32.86,15,10,
133,132.0,32.74,15,10,
134,133.0,32.74,13,10,
135,134.0,32.74,14,10,
136,135.0,32.74,15,10,
137,136.0,32.74,15,10,
138,137.0,32.74,15,10,
139,138.0,32.74,15,10,
140,139.0,32.74,15,10,
141,140.0,32.74,15,10,
142,141.0,32.86,15,10,
143,142.0,32.74,15,10,
144,143.0,32.74,15,10,
145,144.0,32.74,15,10,
146,145.0,32.74,15,10,
147,146.0,32.74,15,10,
148,147.0,32.74,15,10,
149,148.0,32.74,15,10,
150,149.0,32.74,15,10,
151,150.0,32.74,13,10,
152,151.0,32.74,14,10,
153,152.0,32.74,15,10,
154,153.0,32.74,15,10,
155,154.0,32.74,15,10,
156,155.0,32.74,15,10,
157,156.0,32.74,15,10,
158,157.0,32.74,15,10,
159,158.0,32.74,15,10,
160,159.0,32.62,15,10,
161,160.0,32.74,15,10,
162,161.0,32.74,15,10,
163,162.0,32.62,15,10,
164,163.0,32.74,15,10,
165,164.0,32.62,15,10,
166,165.0,32.74,15,10,
167,166.0,32.74,15,10,
168,167.0,32.74,13,10,
169,168.0,32.74,14,10,
170,169.0,32.74,15,10,
171,170.0,32.74,15,10,
172,171.0,32.74,15,10,
173,172.0,32.74,15,10,
174,173.0,32.74,15,10,
175,174.0,32.74,15,10,
176,175.0,32.74,15,10,
177,176.0,32.62,15,10,
178,177.0,32.74,15,10,
179,178.0,32.74,15,10,
180,179.0,32.74,15,10,
181,180.0,32.74,15,10,
182,181.0,32.74,15,10,
183,182.0,32.74,15,10,
184,183.0,32.74,15,10,
185,184.0,32.74,13,10,
186,185.0,32.74,14,10,
187,186.0,32.74,15,10,
188,187.0,32.74,15,10,
189,188.0,32.74,15,10,
190,189.0,32.62,15,10,
191,190.0,32.62,15,10,
192,191.0,32.62,15,10,
193,192.0,32.74,15,10,
194,193.0,32.74,15,10,
195,194.0,32.62,15,10,
196,195.0,32.74,15,10,
197,196.0,32.74,15,10,
198,197.0,32.74,15,10,
199,198.0,32.74,15,10,
200,199.0,32.74,15,10,
201,200.0,32.74,15,10,
202,201.0,32.74,13,10,
203,202.0,32.62,14,10,
204,203.0,32.62,15,10,
205,204.0,32.62,15,10,
206,205.0,32.62,15,10,
207,206.0,32.62,15,10,
208,207.0,32.74,15,10,
209,208.0,32.74,15,10,
210,209.0,32.74,15,10,
211,210.0,32.74,15,10,
212,211.0,32.62,15,10,
213,212.0,32.62,15,10,
214,213.0,32.62,15,10,
215,214.0,32.62,15,10,
216,215.0,32.74,15,10,
217,216.0,32.62,15,10,
218,217.0,32.62,15,10,
219,218.0,32.62,13,10,
220,219.0,32.62,14,10,
221,220.0,32.62,15,10,
222,221.0,32.62,15,10,
223,222.0,32.62,15,10,
224,223.0,32.62,15,10,
225,224.0,32.74,15,10,
226,225.0,32.74,15,10,
227,226.0,32.62,15,10,
228,227.0,32.62,15,10,
229,228.0,32.62,15,10,
230,229.0,32.62,15,10,
231,230.0,32.62,15,10,
232,231.0,32.62,15,10,
233,232.0,32.62,15,10,
234,233.0,32.62,15,10,
235,234.0,32.74,15,10,
236,235.0,32.62,13,10,
237,236.0,32.74,14,10,
238,237.0,32.74,15,10,
239,238.0,32.74,15,10,
240,239.0,32.74,15,10,
241,240.0,32.62,15,10,
242,241.0,32.62,15,10,
243,242.0,32.62,15,10,
244,243.0,32.62,15,10,
245,244.0,32.62,15,10,
246,245.0,32.62,15,10,
247,246.0,32.62,15,10,
248,247.0,32.62,15,10,
249,248.0,32.62,15,10,
250,249.0,32.62,15,10,
251,250.0,32.62,15,10,
252,251.0,32.62,15,10,
253,252.0,32.62,13,10,
254,253.0,32.62,14,10,
255,254.0,32.62,15,10,
256,255.0,32.62,15,10,
257,256.0,32.62,15,10,
258,257.0,32.62,15,10,
259,258.0,32.62,15,10,
260,259.0,32.74,15,10,
261,260.0,32.62,15,10,
262,261.0,32.74,15,10,
263,262.0,32.74,15,10,
264,263.0,32.74,15,10,
265,264.0,32.74,15,10,
266,265.0,32.74,15,10,
267,266.0,32.74,15,10,
268,267.0,32.86,15,10,
269,268.0,32.86,15,10,
270,269.0,32.86,13,10,
271,270.0,32.86,14,10,
272,271.0,32.86,15,10,
273,272.0,32.74,15,10,
274,273.0,32.86,15,10,
275,274.0,32.86,15,10,
276,275.0,32.86,15,10,
277,276.0,32.86,15,10,
278,277.0,32.86,15,10,
279,278.0,32.86,15,10,
280,279.0,32.86,15,10,
281,280.0,32.86,15,10,
282,281.0,32.86,15,10,
283,282.0,32.86,15,10,
284,283.0,32.86,15,10,
285,284.0,32.86,15,10,
286,285.0,32.86,15,10,
287,286.0,32.74,13,10,
288,287.0,32.86,14,10,
289,288.0,32.86,15,10,
290,289.0,32.86,15,10,
291,290.0,32.86,15,10,
292,291.0,32.86,15,10,
293,292.0,32.86,15,10,
294,293.0,32.86,15,10,
295,294.0,32.86,15,10,
296,295.0,32.86,15,10,
297,296.0,32.86,15,10,
298,297.0,32.86,15,10,
299,298.0,32.86,15,10,
300,299.0,32.86,15,10,
301,300.0,32.86,15,10,
302,301.0,32.86,15,10,
303,302.0,32.86,15,10,
304,303.0,32.86,13,10,
305,304.0,32.86,14,10,
306,305.0,32.86,15,10,
307,306.0,32.86,15,10,
308,307.0,32.86,15,10,
309,308.0,32.86,15,10,
310,309.0,32.86,15,10,
311,310.0,32.86,15,10,
312,311.0,32.86,15,10,
313,312.0,32.86,15,10,
314,313.0,32.86,15,10,
315,314.0,32.86,15,10,
316,315.0,32.86,15,10,
317,316.0,32.86,15,10,
318,317.0,32.86,15,10,
319,318.0,32.86,15,10,
320,319.0,32.86,15,10,
321,320.0,32.86,13,10,
322,321.0,32.86,14,10,
323,322.0,32.86,15,10,
324,323.0,32.86,15,10,
325,324.0,32.86,15,10,
326,325.0,32.86,15,10,
327,326.0,32.86,15,10,
328,327.0,32.74,15,10,
329,328.0,32.86,15,10,
330,329.0,32.74,15,10,
331,330.0,32.86,15,10,
332,331.0,32.86,15,10,
333,332.0,32.86,15,10,
334,333.0,32.86,15,10,
335,334.0,32.86,15,10,
336,335.0,33.22,15,10,
337,336.0,33.83,15,10,
338,337.0,34.57,15,10,
339,338.0,35.33,15,10,
340,339.0,36.11,15,10,
341,340.0,36.76,15,10,
342,341.0,37.30,14,10,
343,342.0,37.84,13,10,
344,343.0,38.39,8,0,
345,344.0,38.95,6,0,
346,345.0,39.37,0,0,
347,346.0,39.80,-1,0,
348,347.0,40.24,-7,0,
349,348.0,40.68,-9,0,
350,349.0,41.13,-15,0,
351,350.0,41.43,-15,0,
352,351.0,41.73,-15,0,
353,352.0,42.19,-15,0,
354,353.0,42.50,-15,0,
355,354.0,42.66,-15,0,
356,355.0,42.97,-15,0,
357,356.0,43.13,-15,0,
358,357.0,43.29,-15,0,
359,358.0,43.45,-15,0,
360,359.0,43.77,-15,0,
361,360.0,43.93,-15,0,
362,361.0,43.93,-15,0,
363,362.0,44.26,-15,0,
364,363.0,44.43,-15,0,
365,364.0,44.59,-15,0,
366,365.0,44.76,-15,0,
367,366.0,44.92,-15,0,
368,367.0,45.09,-15,0,
369,368.0,45.09,-15,0,
370,369.0,45.26,-15,0,
371,370.0,45.43,-15,0,
372,371.0,45.43,-15,0,
373,372.0,45.43,-15,0,
374,373.0,45.60,-15,0,
375,374.0,45.77,-15,0,
376,375.0,45.77,-15,0,
377,376.0,45.94,-15,0,
378,377.0,45.94,-15,0,
379,378.0,46.12,-15,0,
380,379.0,46.12,-15,0,
381,380.0,46.29,-15,0,
382,381.0,46.29,-15,0,
383,382.0,46.29,-15,0,
384,383.0,46.47,-15,0,
385,384.0,46.47,-15,0,
386,385.0,46.47,-15,0,
387,386.0,46.47,-15,0,
388,387.0,46.47,-15,0,
389,388.0,46.47,-15,0,
390,389.0,46.64,-15,0,
391,390.0,46.64,-15,0,
392,391.0,46.64,-15,0,
393,392.0,46.64,-15,0,
394,393.0,46.82,-15,0,
395,394.0,46.82,-15,0,
396,395.0,46.64,-15,0,
397,396.0,46.12,-15,0,
398,397.0,45.60,-15,0,
399,398.0,44.92,-15,0,
400,399.0,44.43,-15,0,
401,400.0,43.77,-15,0,
402,401.0,43.13,-15,0,
403,402.0,42.66,-15,0,
404,403.0,42.19,-15,0,
405,404.0,41.88,-15,0,
406,405.0,41.58,-15,0,
407,406.0,41.13,-15,0,
408,407.0,40.83,-15,0,
409,408.0,40.53,-15,0,
410,409.0,40.24,-15,0,
411,410.0,39.95,-15,0,
412,411.0,39.66,-15,0,
413,412.0,39.23,-15,0,
414,413.0,38.95,-15,0,
415,414.0,38.67,-15,0,
416,415.0,38.39,-15,0,
417,416.0,38.11,-15,0,
418,417.0,37.84,-8,0,
419,418.0,37.57,-9,0,
420,419.0,37.30,-10,0,
421,420.0,37.16,-11,0,
422,421.0,37.03,-12,0,
423,422.0,36.90,-9,0,
424,423.0,36.63,-9,0,
425,424.0,36.50,-10,0,
426,425.0,36.37,-10,0,
427,426.0,36.24,-11,0,
428,427.0,35.98,-7,0,
429,428.0,35.85,-7,0,
430,429.0,35.59,-7,0,
431,430.0,35.46,-7,0,
432,431.0,35.33,-7,0,
433,432.0,35.20,-7,0,
434,433.0,35.08,-7,0,
435,434.0,34.95,-2,0,
436,435.0,34.82,-2,0,
437,436.0,34.70,-2,0,
438,437.0,34.57,-1,0,
439,438.0,34.45,-1,0,
440,439.0,34.45,0,0,
441,440.0,34.20,0,0,
442,441.0,34.20,0,0,
443,442.0,34.08,0,0,
444,443.0,33.95,5,0,
445,444.0,33.95,6,0,
446,445.0,33.83,7,0,
447,446.0,33.71,8,0,
448,447.0,33.71,9,0,
449,448.0,33.71,10,0,
450,449.0,33.71,11,0,
451,450.0,33.59,12,10,
452,451.0,33.59,13,10,
453,452.0,33.46,14,10,
454,453.0,33.46,15,10,
455,454.0,33.34,15,10,
456,455.0,33.34,15,10,
457,456.0,33.22,15,10,
458,457.0,33.10,15,10,
459,458.0,33.10,15,10,
460,459.0,33.10,15,10,
461,460.0,32.98,15,10,
462,461.0,32.98,15,10,
463,462.0,32.98,15,10,
464,463.0,32.98,15,10,
465,464.0,32.98,15,10,
466,465.0,32.98,15,10,
467,466.0,32.98,15,10,
468,467.0,32.86,15,10,
469,468.0,32.86,13,10,
470,469.0,32.86,14,10,
471,470.0,32.74,15,10,
472,471.0,32.74,15,10,
473,472.0,32.74,15,10,
474,473.0,32.62,15,10,
475,474.0,32.62,15,10,
476,475.0,32.62,15,10,
477,476.0,32.62,15,10,
478,477.0,32.62,15,10,
479,478.0,32.50,15,10,
480,479.0,32.62,15,10,
481,480.0,32.50,15,10,
482,481.0,32.50,15,10,
483,482.0,32.50,15,10,
484,483.0,32.38,15,10,
485,484.0,32.38,15,10,
486,485.0,32.38,13,10,
487,486.0,32.38,14,10,
488,487.0,32.50,15,10,
489,488.0,32.50,15,10,
490,489.0,32.38,15,10,
491,490.0,32.38,15,10,
492,491.0,32.38,15,10,
493,492.0,32.38,15,10,
494,493.0,32.38,15,10,
495,494.0,32.38,15,10,
496,495.0,32.38,15,10,
497,496.0,32.38,15,10,
498,497.0,32.26,15,10,
499,498.0,32.26,15,10,
500,499.0,32.26,15,10,
501,500.0,32.26,15,10,
502,501.0,32.26,15,10,
503,502.0,32.26,13,10,
504,503.0,32.15,14,10,
505,504.0,32.15,15,10,
506,505.0,32.26,15,10,
507,506.0,32.15,15,10,
508,507.0,32.15,15,10,
509,508.0,32.15,15,10,
510,509.0,32.15,15,10,
511,510.0,32.15,15,10,
512,511.0,32.15,15,10,
513,512.0,32.15,15,10,
514,513.0,32.03,15,10,
515,514.0,32.15,15,10,
516,515.0,32.15,15,10,
517,516.0,32.15,15,10,
518,517.0,32.15,15,10,
519,518.0,32.15,15,10,
520,519.0,32.15,13,10,
521,520.0,32.15,14,10,
522,521.0,32.15,15,10,
523,522.0,32.15,15,10,
524,523.0,32.15,15,10,
525,524.0,32.15,15,10,
526,525.0,32.15,15,10,
527,526.0,32.15,15,10,
528,527.0,32.15,15,10,
529,528.0,32.15,15,10,
530,529.0,32.15,15,10,
531,530.0,32.15,15,10,
532,531.0,32.15,15,10,
533,532.0,32.15,15,10,
534,533.0,32.15,15,10,
535,534.0,32.15,15,10,
536,535.0,32.15,15,10,
537,536.0,32.26,13,10,
538,537.0,32.26,14,10,
539,538.0,32.15,15,10,
540,539.0,32.15,15,10,
541,540.0,32.15,15,10,
542,541.0,32.15,15,10,
543,542.0,32.15,15,10,
544,543.0,32.15,15,10,
545,544.0,32.15,15,10,
546,545.0,32.15,15,10,
547,546.0,32.15,15,10,
548,547.0,32.15,15,10,
549,548.0,32.26,15,10,
550,549.0,32.26,15,10,
551,550.0,32.26,15,10,
552,551.0,32.15,15,10,
553,552.0,32.26,15,10,
554,553.0,32.26,13,10,
555,554.0,32.15,14,10,
556,555.0,32.15,15,10,
557,556.0,32.15,15,10,
558,557.0,32.15,15,10,
559,558.0,32.15,15,10,
560,559.0,32.15,15,10,
561,560.0,32.15,15,10,
562,561.0,32.15,15,10,
563,562.0,32.15,15,10,
564,563.0,32.15,15,10,
565,564.0,32.15,15,10,
566,565.0,32.15,15,10,
567,566.0,32.15,15,10,
568,567.0,32.15,15,10,
569,568.0,32.15,15,10,
570,569.0,32.15,15,10,
571,570.0,32.03,13,10,
572,571.0,32.03,14,10,
573,572.0,32.03,15,10,
574,573.0,32.03,15,10,
575,574.0,32.03,15,10,
576,575.0,32.03,15,10,
577,576.0,31.91,15,10,
578,577.0,32.03,15,10,
579,578.0,32.03,15,10,
580,579.0,32.03,15,10,
581,580.0,32.03,15,10,
582,581.0,32.03,15,10,
583,582.0,32.03,15,10,
584,583.0,31.91,15,10,
585,584.0,32.03,15,10,
586,585.0,32.03,15,10,
587,586.0,31.91,15,10,
588,587.0,31.91,15,10,
589,588.0,31.91,15,10,
590,589.0,31.91,15,10,
591,590.0,32.03,15,10,
592,591.0,32.03,15,10,
593,592.0,32.03,15,10,
594,593.0,32.03,15,10,
595,594.0,32.03,15,10,
596,595.0,32.03,15,10,
597,596.0,32.03,15,10,
598,597.0,32.03,15,10,
599,598.0,32.03,15,10,
600,599.0,32.03,15,10,
601,600.0,32.03,15,10,
602,601.0,32.03,15,10,
603,602.0,32.03,15,10,
604,603.0,32.03,13,10,
605,604.0,32.03,14,10,
606,605.0,32.03,15,10,
607,606.0,32.15,15,10,
608,607.0,32.15,15,10,
609,608.0,32.15,15,10,
610,609.0,32.03,15,10,
611,610.0,32.03,15,10,
612,611.0,32.03,15,10,
613,612.0,32.03,15,10,
614,613.0,32.03,15,10,
615,614.0,31.91,15,10,
616,615.0,31.91,15,10,
617,616.0,31.91,15,10,
618,617.0,31.91,15,10,
619,618.0,31.91,15,10,
620,619.0,31.91,15,10,
621,620.0,31.91,15,10,
622,621.0,31.91,15,10,
623,622.0,31.91,15,10,
624,623.0,32.03,15,10,
625,624.0,32.03,15,10,
626,625.0,32.03,15,10,
627,626.0,32.15,15,10,
628,627.0,32.03,15,10,
629,628.0,32.03,15,10,
630,629.0,32.03,15,10,
631,630.0,32.03,15,10,
632,631.0,32.03,15,10,
633,632.0,32.03,15,10,
634,633.0,32.03,15,10,
635,634.0,32.03,15,10,
636,635.0,32.03,13,10,
637,636.0,32.03,14,10,
638,637.0,32.03,15,10,
639,638.0,32.03,15,10,
640,639.0,32.15,15,10,
641,640.0,32.15,15,10,
642,641.0,32.03,15,10,
643,642.0,32.03,15,10,
644,643.0,32.03,15,10,
645,644.0,32.03,15,10,
646,645.0,32.03,15,10,
647,646.0,32.03,15,10,
648,647.0,32.03,15,10,
649,648.0,32.03,15,10,
650,649.0,32.03,15,10,
651,650.0,32.03,15,10,
652,651.0,32.03,15,10,
653,652.0,32.03,13,10,
654,653.0,32.15,14,10,
655,654.0,32.15,15,10,
656,655.0,32.15,15,10,
657,656.0,32.15,15,10,
658,657.0,32.15,15,10,
659,658.0,32.15,15,10,
660,659.0,32.15,15,10,
661,660.0,32.15,15,10,
662,661.0,32.03,15,10,
663,662.0,32.03,15,10,
664,663.0,32.03,15,10,
665,664.0,32.03,15,10,
666,665.0,32.03,15,10,
667,666.0,32.03,15,10,
668,667.0,32.03,15,10,
669,668.0,32.03,15,10,
670,669.0,32.03,13,10,
671,670.0,32.15,14,10,
672,671.0,32.03,15,10,
673,672.0,32.03,15,10,
674,673.0,32.15,15,10,
675,674.0,32.03,15,10,
676,675.0,32.03,15,10,
677,676.0,32.03,15,10,
678,677.0,32.03,15,10,
679,678.0,32.15,15,10,
680,679.0,32.03,15,10,
681,680.0,32.15,15,10,
682,681.0,32.03,15,10,
683,682.0,32.15,15,10,
684,683.0,32.15,15,10,
685,684.0,32.03,15,10,
686,685.0,32.03,15,10,
687,686.0,32.03,13,10,
688,687.0,32.03,14,10,
689,688.0,32.03,15,10,
690,689.0,32.03,15,10,
691,690.0,32.03,15,10,
692,691.0,32.03,15,10,
693,692.0,32.03,15,10,
694,693.0,32.03,15,10,
695,694.0,32.03,15,10,
696,695.0,32.03,15,10,
697,696.0,32.03,15,10,
698,697.0,32.15,15,10,
699,698.0,32.15,15,10,
700,699.0,32.03,15,10,
701,700.0,32.03,15,10,
702,701.0,32.03,15,10,
703,702.0,32.03,15,10,
704,703.0,32.03,13,10,
705,704.0,32.03,14,10,
706,705.0,32.03,15,10,
707,706.0,31.91,15,10,
708,707.0,32.03,15,10,
709,708.0,32.03,15,10,
710,709.0,32.03,15,10,
711,710.0,32.03,15,10,
712,711.0,32.03,15,10,
713,712.0,32.03,15,10,
714,713.0,31.91,15,10,
715,714.0,31.91,15,10,
716,715.0,31.91,15,10,
717,716.0,31.91,15,10,
718,717.0,31.91,15,10,
719,718.0,31.91,15,10,
720,719.0,31.91,15,10,
721,720.0,31.91,15,10,
722,721.0,31.91,15,10,
723,722.0,31.91,15,10,
724,723.0,31.91,15,10,
725,724.0,31.91,15,10,
726,725.0,31.91,15,10,
727,726.0,31.91,15,10,
728,727.0,31.91,15,10,
729,728.0,31.91,15,10,
730,729.0,31.80,15,10,
731,730.0,31.80,15,10,
732,731.0,31.80,15,10,
733,732.0,31.80,15,10,
734,733.0,31.80,15,10,
735,734.0,31.80,15,10,
736,735.0,31.80,15,10,
737,736.0,31.80,15,10,
738,737.0,31.80,15,10,
739,738.0,31.80,15,10,
740,739.0,31.80,15,10,
741,740.0,31.80,15,10,
742,741.0,31.80,15,10,
743,742.0,31.80,15,10,
744,743.0,31.80,15,10,
745,744.0,31.80,15,10,
746,745.0,31.80,15,10,
747,746.0,31.80,15,10,
748,747.0,31.80,15,10,
749,748.0,31.80,15,10,
750,749.0,31.80,15,10,
751,750.0,31.80,15,10,
752,751.0,31.80,15,10,
753,752.0,31.91,15,10,
754,753.0,31.91,15,10,
755,754.0,31.91,15,10,
756,755.0,31.91,15,10,
757,756.0,31.91,15,10,
758,757.0,31.91,15,10,
759,758.0,31.91,15,10,
760,759.0,31.91,15,10,
761,760.0,31.91,15,10,
762,761.0,31.91,15,10,
763,762.0,31.91,15,10,
764,763.0,31.91,15,10,
765,764.0,31.91,15,10,
766,765.0,31.91,15,10,
767,766.0,31.91,15,10,
768,767.0,31.91,15,10,
769,768.0,31.91,15,10,
770,769.0,31.91,15,10,
771,770.0,31.91,15,10,
772,771.0,31.91,15,10,
773,772.0,31.91,15,10,
774,773.0,31.91,15,10,
775,774.0,31.91,15,10,
776,775.0,31.91,15,10,
777,776.0,31.91,15,10,
778,777.0,31.80,15,10,
779,778.0,31.80,15,10,
780,779.0,31.80,15,10,
781,780.0,31.91,15,10,
782,781.0,31.91,15,10,
783,782.0,31.91,15,10,
784,783.0,31.91,15,10,
785,784.0,31.91,15,10,
786,785.0,31.91,15,10,
787,786.0,32.03,15,10,
788,787.0,32.03,15,10,
789,788.0,31.91,15,10,
790,789.0,31.91,15,10,
791,790.0,31.91,15,10,
792,791.0,31.91,15,10,
793,792.0,31.91,15,10,
794,793.0,31.91,15,10,
795,794.0,31.91,15,10,
796,795.0,32.03,15,10,
797,796.0,32.03,15,10,
798,797.0,32.03,13,10,
799,798.0,32.03,14,10,
800,799.0,32.03,15,10,
801,800.0,32.03,15,10,
802,801.0,32.03,15,10,
803,802.0,31.91,15,10,
804,803.0,31.91,15,10,
805,804.0,31.91,15,10,
806,805.0,31.91,15,10,
807,806.0,31.91,15,10,
808,807.0,31.91,15,10,
809,808.0,31.91,15,10,
810,809.0,31.91,15,10,
811,810.0,32.03,15,10,
812,811.0,31.91,15,10,
813,812.0,31.91,15,10,
814,813.0,32.03,15,10,
815,814.0,32.03,15,10,
816,815.0,32.03,15,10,
817,816.0,32.03,15,10,
818,817.0,31.91,15,10,
819,818.0,31.91,15,10,
820,819.0,32.03,15,10,
821,820.0,32.03,15,10,
822,821.0,31.91,15,10,
823,822.0,32.03,15,10,
824,823.0,31.91,15,10,
825,824.0,31.91,15,10,
826,825.0,32.03,15,10,
827,826.0,32.03,15,10,
828,827.0,32.03,13,10,
829,828.0,32.03,14,10,
830,829.0,31.91,15,10,
831,830.0,32.03,15,10,
832,831.0,32.03,15,10,
833,832.0,31.91,15,10,
834,833.0,31.91,15,10,
835,834.0,31.91,15,10,
836,835.0,31.91,15,10,
837,836.0,31.91,15,10,
838,837.0,31.91,15,10,
839,838.0,31.91,15,10,
840,839.0,31.91,15,10,
841,840.0,31.91,15,10,
842,841.0,31.91,15,10,
843,842.0,32.03,15,10,
844,843.0,31.91,15,10,
845,844.0,32.03,15,10,
846,845.0,31.91,15,10,
847,846.0,31.91,15,10,
848,847.0,31.91,15,10,
849,848.0,31.91,15,10,
850,849.0,31.91,15,10,
851,850.0,31.91,15,10,
852,851.0,31.91,15,10,
853,852.0,31.91,15,10,
854,853.0,31.91,15,10,
855,854.0,31.91,15,10,
856,855.0,31.91,15,10,
857,856.0,31.91,15,10,
858,857.0,31.91,15,10,
859,858.0,31.91,15,10,
860,859.0,31.91,15,10,
861,860.0,31.80,15,10,
862,861.0,31.80,15,10,
863,862.0,31.80,15,10,
864,863.0,31.80,15,10,
865,864.0,31.80,15,10,
866,865.0,31.80,15,10,
867,866.0,31.80,15,10,
868,867.0,31.80,15,10,
869,868.0,31.91,15,10,
870,869.0,31.80,15,10,
871,870.0,31.91,15,10,
872,871.0,31.91,15,10,
873,872.0,31.91,15,10,
874,873.0,31.80,15,10,
875,874.0,31.91,15,10,
876,875.0,31.80,15,10,
877,876.0,31.91,15,10,
878,877.0,31.80,15,10,
879,878.0,31.91,15,10,
880,879.0,31.91,15,10,
881,880.0,31.91,15,10,
882,881.0,31.91,15,10,
883,882.0,31.91,15,10,
884,883.0,31.91,15,10,
885,884.0,31.91,15,10,
886,885.0,31.91,15,10,
887,886.0,31.80,15,10,
888,887.0,31.91,15,10,
889,888.0,31.91,15,10,
890,889.0,31.80,15,10,
891,890.0,31.80,15,10,
892,891.0,31.80,15,10,
893,892.0,31.80,15,10,
894,893.0,31.80,15,10,
895,894.0,31.91,15,10,
896,895.0,31.91,15,10,
897,896.0,31.91,15,10,
898,897.0,32.38,15,10,
899,898.0,33.22,15,10,
900,899.0,34.08,12,10,
901,900.0,35.08,8,0,
902,901.0,35.85,8,0,
903,902.0,36.50,4,0,
904,903.0,37.30,0,0,
905,904.0,37.98,-1,0,
906,905.0,38.53,-6,0,
907,906.0,39.09,-12,0,
908,907.0,39.66,-14,0,
909,908.0,40.09,-15,0,
910,909.0,40.53,-15,0,
911,910.0,40.98,-15,0,
912,911.0,41.43,-15,0,
913,912.0,41.73,-15,0,
914,913.0,42.19,-15,0,
915,914.0,42.50,-15,0,
916,915.0,42.81,-15,0,
917,916.0,43.13,-15,0,
918,917.0,43.29,-15,0,
919,918.0,43.61,-15,0,
920,919.0,43.77,-15,0,
921,920.0,44.10,-15,0,
922,921.0,44.26,-15,0,
923,922.0,44.43,-15,0,
924,923.0,44.59,-15,0,
925,924.0,44.76,-15,0,
926,925.0,44.92,-15,0,
927,926.0,44.92,-15,0,
928,927.0,45.09,-15,0,
929,928.0,45.26,-15,0,
930,929.0,45.43,-15,0,
931,930.0,45.43,-15,0,
932,931.0,45.60,-15,0,
933,932.0,45.77,-15,0,
934,933.0,45.77,-15,0,
935,934.0,45.94,-15,0,
936,935.0,45.94,-15,0,
937,936.0,45.94,-15,0,
938,937.0,46.12,-15,0,
939,938.0,46.12,-15,0,
940,939.0,46.29,-15,0,
941,940.0,46.29,-15,0,
942,941.0,46.29,-15,0,
943,942.0,46.29,-15,0,
944,943.0,46.47,-15,0,
945,944.0,46.47,-15,0,
946,945.0,46.47,-15,0,
947,946.0,46.47,-15,0,
948,947.0,46.47,-15,0,
949,948.0,46.47,-15,0,
950,949.0,46.64,-15,0,
951,950.0,46.64,-15,0,
952,951.0,46.64,-15,0,
953,952.0,46.64,-15,0,
954,953.0,46.64,-15,0,
955,954.0,46.82,-15,0,
956,955.0,46.64,-15,0,
957,956.0,46.82,-15,0,
958,957.0,46.82,-15,0,
959,958.0,46.82,-15,0,
960,959.0,46.82,-15,0,
961,960.0,46.82,-15,0,
962,961.0,46.82,-15,0,
963,962.0,46.82,-15,0,
964,963.0,47.00,-15,0,
965,964.0,46.82,-15,0,
966,965.0,46.82,-15,0,
967,966.0,46.82,-15,0,
968,967.0,46.82,-15,0,
969,968.0,46.82,-15,0,
970,969.0,47.00,-15,0,
971,970.0,46.82,-15,0,
972,971.0,47.00,-15,0,
973,972.0,47.00,-15,0,
974,973.0,47.00,-15,0,
975,974.0,47.00,-15,0,
976,975.0,47.00,-15,0,
977,976.0,47.00,-15,0,
978,977.0,47.00,-15,0,
979,978.0,47.00,-15,0,
980,979.0,47.00,-15,0,
981,980.0,47.00,-15,0,
982,981.0,47.00,-15,0,
983,982.0,47.00,-15,0,
984,983.0,47.00,-15,0,
985,984.0,47.00,-15,0,
986,985.0,47.00,-15,0,
987,986.0,46.82,-15,0,
988,987.0,46.64,-15,0,
989,988.0,46.12,-15,0,
990,989.0,45.60,-15,0,
991,990.0,45.09,-15,0,
992,991.0,44.43,-15,0,
993,992.0,43.77,-15,0,
994,993.0,43.13,-15,0,
995,994.0,42.66,-15,0,
996,995.0,42.04,-15,0,
997,996.0,42.04,-15,0,
998,997.0,41.28,-15,0,
999,998.0,41.28,-15,0,
1000,999.0,40.98,-15,0,
1001,1000.0,40.68,-15,0,
1002,1001.0,40.39,-15,0,
1003,1002.0,39.80,-15,0,
1004,1003.0,39.80,-15,0,
1005,1004.0,39.37,-15,0,
1006,1005.0,39.23,-15,0,
1007,1006.0,38.81,-15,0,
1008,1007.0,38.53,-15,0,
1009,1008.0,38.25,-15,0,
1010,1009.0,37.98,-15,0,
1011,1010.0,37.57,-15,0,
1012,1011.0,37.30,-8,0,
1013,1012.0,37.16,-9,0,
1014,1013.0,36.90,-6,0,
1015,1014.0,36.76,-6,0,
1016,1015.0,36.50,-7,0,
1017,1016.0,36.37,-7,0,
1018,1017.0,36.24,-8,0,
1019,1018.0,36.11,-8,0,
1020,1019.0,35.98,-4,0,
1021,1020.0,35.72,-4,0,
1022,1021.0,35.59,-4,0,
1023,1022.0,35.33,-4,0,
1024,1023.0,35.20,-4,0,
1025,1024.0,35.08,-4,0,
1026,1025.0,34.95,0,0,
1027,1026.0,34.82,0,0,
1028,1027.0,34.82,0,0,
1029,1028.0,34.70,0,0,
1030,1029.0,34.57,1,0,
1031,1030.0,34.32,1,0,
1032,1031.0,34.32,2,0,
1033,1032.0,34.20,2,0,
1034,1033.0,34.08,3,0,
1035,1034.0,33.95,8,0,
1036,1035.0,33.95,9,0,
1037,1036.0,33.83,10,0,
1038,1037.0,33.71,11,0,
1039,1038.0,33.71,12,10,
1040,1039.0,33.59,13,10,
1041,1040.0,33.46,14,10,
1042,1041.0,33.46,15,10,
1043,1042.0,33.34,15,10,
1044,1043.0,33.34,15,10,
1045,1044.0,33.22,15,10,
1046,1045.0,33.10,15,10,
1047,1046.0,33.10,15,10,
1048,1047.0,32.98,15,10,
1049,1048.0,32.98,15,10,
1050,1049.0,32.74,15,10,
1051,1050.0,32.74,15,10,
1052,1051.0,32.62,15,10,
1053,1052.0,32.62,15,10,
1054,1053.0,32.62,15,10,
1055,1054.0,32.62,15,10,
1056,1055.0,32.74,15,10,
1057,1056.0,32.38,13,10,
1058,1057.0,32.38,14,10,
1059,1058.0,32.38,15,10,
1060,1059.0,32.38,15,10,
1061,1060.0,32.26,15,10,
1062,1061.0,32.38,15,10,
1063,1062.0,32.38,15,10,
1064,1063.0,32.26,15,10,
1065,1064.0,32.26,15,10,
1066,1065.0,32.03,15,10,
1067,1066.0,32.03,15,10,
1068,1067.0,32.26,15,10,
1069,1068.0,32.15,15,10,
1070,1069.0,32.15,15,10,
1071,1070.0,32.15,15,10,
1072,1071.0,32.03,15,10,
1073,1072.0,31.91,15,10,
1074,1073.0,32.03,13,10,
1075,1074.0,32.03,14,10,
1076,1075.0,31.91,15,10,
1077,1076.0,31.91,15,10,
1078,1077.0,31.80,15,10,
1079,1078.0,31.80,15,10,
1080,1079.0,31.91,15,10,
1081,1080.0,31.91,15,10,
1082,1081.0,32.03,15,10,
1083,1082.0,31.45,15,10,
1084,1083.0,32.03,15,10,
1085,1084.0,31.91,15,10,
1086,1085.0,31.80,15,10,
1087,1086.0,31.80,15,10,
1088,1087.0,31.80,15,10,
1089,1088.0,31.80,15,10,
1090,1089.0,31.80,15,10,
1091,1090.0,31.68,15,10,
1092,1091.0,31.68,15,10,
1093,1092.0,31.68,15,10,
1094,1093.0,31.68,15,10,
1095,1094.0,31.68,15,10,
1096,1095.0,31.56,15,10,
1097,1096.0,31.91,15,10,
1098,1097.0,31.68,15,10,
1099,1098.0,31.80,15,10,
1100,1099.0,31.80,15,10,
1101,1100.0,31.80,15,10,
1102,1101.0,31.80,15,10,
1103,1102.0,31.56,15,10,
1104,1103.0,31.56,15,10,
1105,1104.0,31.45,15,10,
1106,1105.0,31.68,15,10,
1107,1106.0,31.68,15,10,
1108,1107.0,31.68,15,10,
1109,1108.0,31.56,15,10,
1110,1109.0,31.68,15,10,
1111,1110.0,31.33,15,10,
1112,1111.0,31.56,15,10,
1113,1112.0,31.33,15,10,
1114,1113.0,32.15,13,10,
1115,1114.0,31.45,15,10,
1116,1115.0,34.08,7,0,
1117,1116.0,32.50,15,10,
1118,1117.0,33.34,14,10,
1119,1118.0,34.20,10,0,
1120,1119.0,35.20,6,0,
1121,1120.0,35.98,6,0,
1122,1121.0,36.63,2,0,
1123,1122.0,37.30,-2,0,
1124,1123.0,38.11,-7,0,
1125,1124.0,38.67,-9,0,
1126,1125.0,39.23,-15,0,
1127,1126.0,39.80,-15,0,
1128,1127.0,40.24,-15,0,
1129,1128.0,40.68,-15,0,
1130,1129.0,41.28,-15,0,
1131,1130.0,41.58,-15,0,
1132,1131.0,42.04,-15,0,
1133,1132.0,42.50,-15,0,
1134,1133.0,42.81,-15,0,
1135,1134.0,43.13,-15,0,
1136,1135.0,43.29,-15,0,
1137,1136.0,43.77,-15,0,
1138,1137.0,43.77,-15,0,
1139,1138.0,44.43,-15,0,
1140,1139.0,44.26,-15,0,
1141,1140.0,44.59,-15,0,
1142,1141.0,44.92,-15,0,
1143,1142.0,45.09,-15,0,
1144,1143.0,45.26,-15,0,
1145,1144.0,45.43,-15,0,
1146,1145.0,45.60,-15,0,
1147,1146.0,45.77,-15,0,
1148,1147.0,45.94,-15,0,
1149,1148.0,46.29,-15,0,
1150,1149.0,46.12,-15,0,
1151,1150.0,46.47,-15,0,
1152,1151.0,46.47,-15,0,
1153,1152.0,46.47,-15,0,
1154,1153.0,46.47,-15,0,
1155,1154.0,46.64,-15,0,
1156,1155.0,47.00,-15,0,
1157,1156.0,47.00,-15,0,
1158,1157.0,47.00,-15,0,
1159,1158.0,47.36,-15,0,
1160,1159.0,47.18,-15,0,
1161,1160.0,47.36,-15,0,
1162,1161.0,47.36,-15,0,
1163,1162.0,47.54,-15,0,
1164,1163.0,47.36,-15,0,
1165,1164.0,47.54,-15,0,
1166,1165.0,47.54,-15,0,
1167,1166.0,47.54,-15,0,
1168,1167.0,47.72,-15,0,
1169,1168.0,47.72,-15,0,
1170,1169.0,47.72,-15,0,
1171,1170.0,47.72,-15,0,
1172,1171.0,47.72,-15,0,
1173,1172.0,47.72,-15,0,
1174,1173.0,47.90,-15,0,
1175,1174.0,47.72,-15,0,
1176,1175.0,47.72,-15,0,
1177,1176.0,47.90,-15,0,
1178,1177.0,47.90,-15,0,
1179,1178.0,47.90,-15,0,
1180,1179.0,47.90,-15,0,
1181,1180.0,48.27,-15,0,
1182,1181.0,47.90,-15,0,
1183,1182.0,48.27,-15,0,
1184,1183.0,48.27,-15,0,
1185,1184.0,48.46,-15,0,
1186,1185.0,48.09,-15,0,
1187,1186.0,47.90,-15,0,
1188,1187.0,48.27,-15,0,
1189,1188.0,48.09,-15,0,
1190,1189.0,48.09,-15,0,
1191,1190.0,48.09,-15,0,
1192,1191.0,48.09,-15,0,
1193,1192.0,48.27,-15,0,
1194,1193.0,48.27,-15,0,
1195,1194.0,48.27,-15,0,
1196,1195.0,48.27,-15,0,
1197,1196.0,48.27,-15,0,
1198,1197.0,48.09,-15,0,
1199,1198.0,47.72,-15,0,
1200,1199.0,48.83,-15,0,
1201,1200.0,47.00,-15,0,
1202,1201.0,46.82,-15,0,
1203,1202.0,46.12,-15,0,
1204,1203.0,45.94,-15,0,
1205,1204.0,44.59,-15,0,
1206,1205.0,44.76,-15,0,
1207,1206.0,44.43,-15,0,
1208,1207.0,43.45,-15,0,
1209,1208.0,42.81,-15,0,
1210,1209.0,42.66,-15,0,
1211,1210.0,42.35,-15,0,
1212,1211.0,41.43,-15,0,
1213,1212.0,41.43,-15,0,
1214,1213.0,40.53,-15,0,
1215,1214.0,40.53,-15,0,
1216,1215.0,39.80,-15,0,
1217,1216.0,40.09,-15,0,
1218,1217.0,39.09,-15,0,
1219,1218.0,38.81,-15,0,
1220,1219.0,38.81,-13,0,
1221,1220.0,38.53,-14,0,
1222,1221.0,38.53,-15,0,
1223,1222.0,38.25,-15,0,
1224,1223.0,37.98,-14,0,
1225,1224.0,37.70,-15,0,
1226,1225.0,37.03,-15,0,
1227,1226.0,36.76,-13,0,
1228,1227.0,36.90,-13,0,
1229,1228.0,36.50,-14,0,
1230,1229.0,36.50,-14,0,
1231,1230.0,36.37,-15,0,
1232,1231.0,35.98,-11,0,
1233,1232.0,35.85,-11,0,
1234,1233.0,35.85,-11,0,
1235,1234.0,35.46,-11,0,
1236,1235.0,35.33,-11,0,
1237,1236.0,35.46,-11,0,
1238,1237.0,34.95,-6,0,
1239,1238.0,34.95,-6,0,
1240,1239.0,35.33,-10,0,
1241,1240.0,34.45,-5,0,
1242,1241.0,34.95,-5,0,
1243,1242.0,34.20,-4,0,
1244,1243.0,34.45,-4,0,
1245,1244.0,34.32,-3,0,
1246,1245.0,34.20,-3,0,
1247,1246.0,34.08,-2,0,
1248,1247.0,33.95,1,0,
1249,1248.0,33.95,2,0,
1250,1249.0,33.83,3,0,
1251,1250.0,33.83,4,0,
1252,1251.0,33.71,5,0,
1253,1252.0,33.59,6,0,
1254,1253.0,33.46,7,0,
1255,1254.0,33.22,8,0,
1256,1255.0,33.46,9,0,
1257,1256.0,33.10,10,0,
1258,1257.0,33.10,11,0,
1259,1258.0,33.10,12,10,
1260,1259.0,32.98,15,10,
1261,1260.0,33.10,15,10,
1262,1261.0,33.10,15,10,
1263,1262.0,32.86,15,10,
1264,1263.0,33.10,15,10,
1265,1264.0,32.74,15,10,
1266,1265.0,32.74,15,10,
1267,1266.0,32.74,15,10,
1268,1267.0,32.62,15,10,
1269,1268.0,32.62,15,10,
1270,1269.0,32.62,15,10,
1271,1270.0,32.50,15,10,
1272,1271.0,32.38,15,10,
1273,1272.0,32.50,15,10,
1274,1273.0,32.38,15,10,
1275,1274.0,32.38,13,10,
1276,1275.0,32.38,14,10,
1277,1276.0,32.26,15,10,
1278,1277.0,32.26,15,10,
1279,1278.0,32.15,15,10,
1280,1279.0,32.15,15,10,
1281,1280.0,32.15,15,10,
1282,1281.0,32.15,15,10,
1283,1282.0,32.03,15,10,
1284,1283.0,32.03,15,10,
1285,1284.0,32.03,15,10,
1286,1285.0,32.03,15,10,
1287,1286.0,32.03,15,10,
1288,1287.0,32.03,15,10,
1289,1288.0,32.03,15,10,
1290,1289.0,32.03,15,10,
1291,1290.0,32.03,15,10,
1292,1291.0,32.03,13,10,
1293,1292.0,31.91,15,10,
1294,1293.0,32.15,15,10,
1295,1294.0,32.26,15,10,
1296,1295.0,32.15,15,10,
1297,1296.0,31.91,15,10,
1298,1297.0,32.03,15,10,
1299,1298.0,31.80,15,10,
1300,1299.0,31.56,15,10,
1301,1300.0,32.03,15,10,
1302,1301.0,32.15,15,10,
1303,1302.0,31.68,15,10,
1304,1303.0,31.45,15,10,
1305,1304.0,31.68,15,10,
1306,1305.0,31.91,15,10,
1307,1306.0,31.91,15,10,
1308,1307.0,31.80,15,10,
1309,1308.0,31.80,15,10,
1310,1309.0,31.80,15,10,
1311,1310.0,31.80,15,10,
1312,1311.0,31.80,15,10,
1313,1312.0,31.68,15,10,
1314,1313.0,31.68,15,10,
1315,1314.0,31.68,15,10,
1316,1315.0,31.80,15,10,
1317,1316.0,31.91,15,10,
1318,1317.0,31.91,15,10,
1319,1318.0,31.68,15,10,
1320,1319.0,31.56,15,10,
1321,1320.0,31.68,15,10,
1322,1321.0,31.80,15,10,
1323,1322.0,31.91,15,10,
1324,1323.0,31.91,15,10,
1325,1324.0,31.80,15,10,
1326,1325.0,31.68,15,10,
1327,1326.0,31.56,15,10,
1328,1327.0,31.56,15,10,
1329,1328.0,31.56,15,10,
1330,1329.0,31.56,15,10,
1331,1330.0,31.68,15,10,
1332,1331.0,31.68,15,10,
1333,1332.0,31.68,15,10,
1334,1333.0,31.68,15,10,
1335,1334.0,31.68,15,10,
1336,1335.0,31.68,15,10,
1337,1336.0,31.56,15,10,
1338,1337.0,31.56,15,10,
1339,1338.0,31.56,15,10,
1340,1339.0,31.91,15,10,
1341,1340.0,31.56,15,10,
1342,1341.0,31.45,15,10,
1343,1342.0,31.45,15,10,
1344,1343.0,31.56,15,10,
1345,1344.0,31.80,15,10,
1346,1345.0,31.80,15,10,
1347,1346.0,31.68,15,10,
1348,1347.0,31.68,15,10,
1349,1348.0,31.68,15,10,
1350,1349.0,31.68,15,10,
1351,1350.0,31.80,15,10,
1352,1351.0,31.68,15,10,
1353,1352.0,31.80,15,10,
1354,1353.0,31.56,15,10,
1355,1354.0,31.45,15,10,
1356,1355.0,31.56,15,10,
1357,1356.0,31.33,15,10,
1358,1357.0,31.33,15,10,
1359,1358.0,31.68,15,10,
1360,1359.0,31.68,15,10,
1361,1360.0,31.45,15,10,
1362,1361.0,31.45,15,10,
1363,1362.0,31.56,15,10,
1364,1363.0,31.68,15,10,
1365,1364.0,31.91,15,10,
1366,1365.0,31.80,15,10,
1367,1366.0,31.56,15,10,
1368,1367.0,31.56,15,10,
1369,1368.0,31.68,15,10,
1370,1369.0,31.45,15,10,
1371,1370.0,31.56,15,10,
1372,1371.0,31.45,15,10,
1373,1372.0,31.68,15,10,
1374,1373.0,31.68,15,10,
1375,1374.0,31.68,15,10,
1376,1375.0,31.56,15,10,
1377,1376.0,31.68,15,10,
1378,1377.0,31.68,15,10,
1379,1378.0,31.56,15,10,
1380,1379.0,31.56,15,10,
1381,1380.0,31.56,15,10,
1382,1381.0,31.56,15,10,
1383,1382.0,31.45,15,10,
1384,1383.0,31.56,15,10,
1385,1384.0,31.10,15,10,
1386,1385.0,31.91,15,10,
1387,1386.0,31.68,15,10,
1388,1387.0,31.68,15,10,
1389,1388.0,31.45,15,10,
1390,1389.0,31.45,15,10,
1391,1390.0,31.56,15,10,
1392,1391.0,31.80,15,10,
1393,1392.0,31.33,15,10,
1394,1393.0,31.91,15,10,
1395,1394.0,31.56,15,10,
1396,1395.0,31.80,15,10,
1397,1396.0,31.10,15,10,
1398,1397.0,31.33,15,10,
1399,1398.0,31.56,15,10,
1400,1399.0,31.45,15,10,
1401,1400.0,31.56,15,10,
1402,1401.0,31.45,15,10,
1403,1402.0,31.45,15,10,
1404,1403.0,31.56,15,10,
1405,1404.0,31.45,15,10,
1406,1405.0,31.56,15,10,
1407,1406.0,31.68,15,10,
1408,1407.0,31.80,15,10,
1409,1408.0,31.45,15,10,
1410,1409.0,31.56,15,10,
1411,1410.0,31.45,15,10,
1412,1411.0,31.91,15,10,
1413,1412.0,31.80,15,10,
1414,1413.0,31.45,15,10,
1415,1414.0,31.56,15,10,
1416,1415.0,31.45,15,10,
1417,1416.0,31.45,15,10,
1418,1417.0,31.56,15,10,
1419,1418.0,31.56,15,10,
1420,1419.0,31.56,15,10,
1421,1420.0,31.56,15,10,
1422,1421.0,31.33,15,10,
1423,1422.0,31.33,15,10,
1424,1423.0,31.45,15,10,
1425,1424.0,31.33,15,10,
1426,1425.0,31.56,15,10,
1427,1426.0,31.80,15,10,
1428,1427.0,31.45,15,10,
1429,1428.0,31.45,15,10,
1430,1429.0,31.45,15,10,
1431,1430.0,31.45,15,10,
1432,1431.0,31.45,15,10,
1433,1432.0,31.45,15,10,
1434,1433.0,31.45,15,10,
1435,1434.0,31.45,15,10,
1436,1435.0,31.80,15,10,
1437,1436.0,31.33,15,10,
1438,1437.0,31.45,15,10,
1439,1438.0,31.56,15,10,
1440,1439.0,31.45,15,10,
1441,1440.0,31.68,15,10,
1442,1441.0,31.33,15,10,
1443,1442.0,31.56,15,10,
1444,1443.0,31.56,15,10,
1445,1444.0,31.56,15,10,
1446,1445.0,31.45,15,10,
1447,1446.0,31.33,15,10,
1448,1447.0,31.33,15,10,
1449,1448.0,31.80,15,10,
1450,1449.0,31.56,15,10,
1451,1450.0,31.56,15,10,
1452,1451.0,31.56,15,10,
1453,1452.0,31.45,15,10,
1454,1453.0,31.45,15,10,
1455,1454.0,31.45,15,10,
1456,1455.0,31.45,15,10,
1457,1456.0,31.68,15,10,
1458,1457.0,31.56,15,10,
1459,1458.0,31.56,15,10,
1460,1459.0,31.22,15,10,
1461,1460.0,31.68,15,10,
1462,1461.0,31.33,15,10,
1463,1462.0,31.33,15,10,
1464,1463.0,31.56,15,10,
1465,1464.0,31.56,15,10,
1466,1465.0,31.56,15,10,
1467,1466.0,31.68,15,10,
1468,1467.0,31.45,15,10,
1469,1468.0,31.68,15,10,
1470,1469.0,31.68,15,10,
1471,1470.0,31.56,15,10,
1472,1471.0,31.33,15,10,
1473,1472.0,31.68,15,10,
1474,1473.0,31.68,15,10,
1475,1474.0,31.56,15,10,
1476,1475.0,31.56,15,10,
1477,1476.0,31.56,15,10,
1478,1477.0,31.68,15,10,
1479,1478.0,31.56,15,10,
1480,1479.0,31.56,15,10,
1481,1480.0,31.68,15,10,
1482,1481.0,31.68,15,10,
1483,1482.0,31.68,15,10,
1484,1483.0,31.68,15,10,
1485,1484.0,31.33,15,10,
1486,1485.0,31.33,15,10,
1487,1486.0,33.22,15,10,
1488,1487.0,33.95,15,10,
1489,1488.0,35.20,15,10,
1490,1489.0,35.85,15,10,
1491,1490.0,37.03,14,10,
1492,1491.0,37.57,13,10,
1493,1492.0,38.39,8,0,
1494,1493.0,39.23,2,0,
1495,1494.0,39.66,0,0,
1496,1495.0,40.39,-5,0,
1497,1496.0,40.68,-8,0,
1498,1497.0,41.28,-15,0,
1499,1498.0,41.88,-15,0,
1500,1499.0,42.19,-15,0,
1501,1500.0,42.81,-15,0,
1502,1501.0,43.13,-15,0,
1503,1502.0,43.61,-15,0,
1504,1503.0,43.93,-15,0,
1505,1504.0,44.26,-15,0,
1506,1505.0,44.59,-15,0,
1507,1506.0,44.92,-15,0,
1508,1507.0,44.92,-15,0,
1509,1508.0,45.43,-15,0,
1510,1509.0,45.60,-15,0,
1511,1510.0,45.77,-15,0,
1512,1511.0,46.12,-15,0,
1513,1512.0,46.47,-15,0,
1514,1513.0,46.64,-15,0,
1515,1514.0,46.82,-15,0,
1516,1515.0,47.00,-15,0,
1517,1516.0,47.18,-15,0,
1518,1517.0,47.36,-15,0,
1519,1518.0,47.36,-15,0,
1520,1519.0,47.54,-15,0,
1521,1520.0,47.72,-15,0,
1522,1521.0,47.90,-15,0,
1523,1522.0,47.90,-15,0,
1524,1523.0,48.09,-15,0,
1525,1524.0,48.09,-15,0,
1526,1525.0,48.27,-15,0,
1527,1526.0,48.46,-15,0,
1528,1527.0,48.46,-15,0,
1529,1528.0,48.46,-15,0,
1530,1529.0,48.46,-15,0,
1531,1530.0,48.46,-15,0,
1532,1531.0,48.64,-15,0,
1533,1532.0,48.83,-15,0,
1534,1533.0,49.02,-15,0,
1535,1534.0,48.64,-15,0,
1536,1535.0,49.02,-15,0,
1537,1536.0,49.02,-15,0,
1538,1537.0,49.02,-15,0,
1539,1538.0,49.21,-15,0,
1540,1539.0,49.21,-15,0,
1541,1540.0,49.21,-15,0,
1542,1541.0,49.21,-15,0,
1543,1542.0,49.40,-15,0,
1544,1543.0,49.60,-15,0,
1545,1544.0,49.60,-15,0,
1546,1545.0,49.40,-15,0,
1547,1546.0,49.60,-15,0,
1548,1547.0,49.79,-15,0,
1549,1548.0,49.60,-15,0,
1550,1549.0,49.60,-15,0,
1551,1550.0,49.60,-15,0,
1552,1551.0,49.79,-15,0,
1553,1552.0,49.60,-15,0,
1554,1553.0,49.79,-15,0,
1555,1554.0,49.60,-15,0,
1556,1555.0,49.79,-15,0,
1557,1556.0,49.79,-15,0,
1558,1557.0,49.79,-15,0,
1559,1558.0,49.79,-15,0,
1560,1559.0,49.99,-15,0,
1561,1560.0,49.60,-15,0,
1562,1561.0,50.18,-15,0,
1563,1562.0,49.99,-15,0,
1564,1563.0,49.79,-15,0,
1565,1564.0,49.99,-15,0,
1566,1565.0,49.79,-15,0,
1567,1566.0,49.99,-15,0,
1568,1567.0,50.18,-15,0,
1569,1568.0,50.18,-15,0,
1570,1569.0,49.99,-15,0,
1571,1570.0,49.99,-15,0,
1572,1571.0,49.99,-15,0,
1573,1572.0,49.99,-15,0,
1574,1573.0,49.99,-15,0,
1575,1574.0,49.99,-15,0,
1576,1575.0,49.99,-15,0,
1577,1576.0,49.99,-15,0,
1578,1577.0,49.99,-15,0,
1579,1578.0,49.99,-15,0,
1580,1579.0,50.18,-15,0,
1581,1580.0,49.99,-15,0,
1582,1581.0,49.99,-15,0,
1583,1582.0,50.18,-15,0,
1584,1583.0,49.99,-15,0,
1585,1584.0,49.99,-15,0,
1586,1585.0,49.99,-15,0,
1587,1586.0,50.18,-15,0,
1588,1587.0,50.18,-15,0,
1589,1588.0,49.79,-15,0,
1590,1589.0,49.99,-15,0,
1591,1590.0,49.99,-15,0,
1592,1591.0,50.18,-15,0,
1593,1592.0,50.18,-15,0,
1594,1593.0,50.18,-15,0,
1595,1594.0,49.60,-15,0,
1596,1595.0,50.38,-15,0,
1597,1596.0,50.18,-15,0,
